AAPL,GLD,MSFT,TLT
0.22250215366632634,0.10850336573617501,0.236824199624035,-0.0057228867025468705
